Topic,Keywords
Topic 1,"language, break, unit, strong, as"
Explanation 1,"This topic likely focuses on technical terms or instructions. Words like ""language"" and ""unit"" suggest a technical context, while ""break,"" ""strong,"" and ""as"" could be related to instructions or code."
Topic 2,"samsung, apple, phone, love, first"
Explanation 2,"This topic revolves around mobile phones and personal preferences. Keywords like ""samsung,"" ""apple,"" and ""phone"" are all related to smartphones, while ""love"" and ""first"" suggest a connection to user sentiment or preference, possibly for a first phone"
Topic 3,"video, wow, nice, ugly, na"
Explanation 3,"This topic is less clear but might be related to online reactions to videos. Words like ""video,"" ""wow,"" and ""nice"" could be positive reactions, while ""ugly"" and ""na"" (possibly meaning ""not applicable"") suggest a mixed bag of responses."
Topic 4,"phone, magnet, screen, like, look"
Explanation 4,"Similar to Topic 2, this topic centers on phones but with an emphasis on physical aspects. ""Magnet"" and ""screen"" are specific phone components, while ""like"" and ""look"" suggest user opinions on appearance."
Topic 5,"galaxy, samsung, ultra, fold, box"
Explanation 5,"This topic is very specific and points towards Samsung Galaxy Fold phones. Keywords like ""galaxy,"" ""samsung,"" ""ultra,"" and ""fold"" all directly relate to this phone model, while ""box"" could be unpacking or packaging content."
